Paper_ID	Predicted_Label
34979	Theory
11335	Theory
1129608	Neural_Networks
46500	Theory
1026	Genetic_Algorithms
734406	Neural_Networks
1117833	Case_Based
1129572	Neural_Networks
60560	Neural_Networks
899085	Rule_Learning
949511	Neural_Networks
49660	Theory
6913	Probabilistic_Methods
1118764	Theory
6939	Rule_Learning
300806	Neural_Networks
28471	Reinforcement_Learning
278394	Neural_Networks
1132731	Genetic_Algorithms
1132285	Neural_Networks
1136422	Neural_Networks
1130931	Neural_Networks
1138970	Theory
1817	Genetic_Algorithms
1128985	Genetic_Algorithms
594119	Genetic_Algorithms
1131828	Case_Based
853155	Neural_Networks
1111614	Case_Based
255628	Neural_Networks
61073	Genetic_Algorithms
1121867	Neural_Networks
3232	Theory
259126	Neural_Networks
851968	Neural_Networks
120039	Case_Based
1154520	Neural_Networks
38537	Probabilistic_Methods
1138091	Case_Based
75121	Case_Based
1135455	Neural_Networks
134320	Probabilistic_Methods
18833	Reinforcement_Learning
1111186	Neural_Networks
245955	Reinforcement_Learning
144212	Genetic_Algorithms
1152959	Neural_Networks
509315	Genetic_Algorithms
1112075	Neural_Networks
181782	Reinforcement_Learning
334153	Theory
4335	Probabilistic_Methods
576725	Genetic_Algorithms
358884	Probabilistic_Methods
124828	Neural_Networks
3236	Theory
18582	Genetic_Algorithms
4649	Rule_Learning
37483	Case_Based
28640	Theory
154134	Case_Based
1108570	Theory
1154071	Probabilistic_Methods
128202	Theory
3243	Theory
395075	Genetic_Algorithms
6343	Case_Based
10430	Case_Based
696345	Neural_Networks
910	Neural_Networks
1154176	Neural_Networks
1153724	Case_Based
801170	Genetic_Algorithms
1120138	Neural_Networks
444240	Genetic_Algorithms
16843	Probabilistic_Methods
641976	Neural_Networks
8079	Theory
99025	Neural_Networks
714208	Probabilistic_Methods
6639	Rule_Learning
59626	Theory
1127913	Genetic_Algorithms
141596	Neural_Networks
63812	Case_Based
118260	Reinforcement_Learning
1121057	Case_Based
1121398	Genetic_Algorithms
20833	Case_Based
2663	Neural_Networks
606479	Genetic_Algorithms
582511	Theory
149139	Neural_Networks
632874	Probabilistic_Methods
35797	Neural_Networks
686030	Neural_Networks
315789	Genetic_Algorithms
1129027	Genetic_Algorithms
1955	Case_Based
87915	Probabilistic_Methods
37884	Probabilistic_Methods
240791	Neural_Networks
6130	Neural_Networks
29492	Neural_Networks
1121537	Theory
106590	Probabilistic_Methods
1130539	Case_Based
578645	Genetic_Algorithms
217852	Rule_Learning
989397	Theory
16451	Neural_Networks
46476	Rule_Learning
144330	Theory
134314	Probabilistic_Methods
22241	Genetic_Algorithms
1140543	Neural_Networks
1136447	Neural_Networks
191222	Neural_Networks
45605	Neural_Networks
1121063	Theory
400455	Neural_Networks
1129994	Neural_Networks
75691	Neural_Networks
1131163	Neural_Networks
284023	Neural_Networks
44368	Genetic_Algorithms
575331	Genetic_Algorithms
645084	Probabilistic_Methods
163235	Neural_Networks
14430	Probabilistic_Methods
48075	Rule_Learning
1135358	Theory
35343	Neural_Networks
1112369	Neural_Networks
16437	Neural_Networks
126128	Neural_Networks
20942	Theory
592996	Genetic_Algorithms
65074	Probabilistic_Methods
51180	Theory
573553	Theory
34263	Neural_Networks
41216	Neural_Networks
112378	Case_Based
42221	Theory
1115166	Case_Based
6224	Reinforcement_Learning
1118245	Reinforcement_Learning
1129367	Genetic_Algorithms
77758	Neural_Networks
97892	Case_Based
129558	Case_Based
5086	Probabilistic_Methods
1135955	Neural_Networks
28227	Reinforcement_Learning
81722	Case_Based
1122580	Theory
593105	Genetic_Algorithms
1126350	Theory
52784	Theory
645897	Probabilistic_Methods
1106172	Reinforcement_Learning
1127530	Probabilistic_Methods
1104449	Neural_Networks
286500	Genetic_Algorithms
250566	Case_Based
46452	Rule_Learning
152731	Neural_Networks
25181	Neural_Networks
33895	Genetic_Algorithms
1237	Neural_Networks
1131180	Probabilistic_Methods
643597	Probabilistic_Methods
1095507	Probabilistic_Methods
917493	Neural_Networks
1117920	Probabilistic_Methods
1131607	Neural_Networks
129287	Neural_Networks
49482	Neural_Networks
31927	Neural_Networks
73327	Case_Based
80515	Neural_Networks
237376	Theory
1105505	Neural_Networks
1115677	Neural_Networks
1116268	Theory
1119505	Genetic_Algorithms
66594	Theory
65653	Theory
1131236	Probabilistic_Methods
164	Theory
1105718	Neural_Networks
1114352	Neural_Networks
67633	Case_Based
7430	Reinforcement_Learning
5600	Case_Based
86923	Neural_Networks
41714	Genetic_Algorithms
755217	Reinforcement_Learning
252725	Rule_Learning
15076	Neural_Networks
417017	Case_Based
520471	Rule_Learning
288107	Theory
35335	Neural_Networks
265203	Neural_Networks
1132948	Neural_Networks
2440	Rule_Learning
359067	Case_Based
643777	Neural_Networks
1131172	Probabilistic_Methods
1152858	Probabilistic_Methods
1131634	Genetic_Algorithms
1132706	Neural_Networks
79809	Theory
1152944	Reinforcement_Learning
429805	Case_Based
11339	Theory
13917	Reinforcement_Learning
1133390	Theory
12631	Neural_Networks
1120431	Neural_Networks
395553	Neural_Networks
126867	Case_Based
17363	Neural_Networks
814836	Rule_Learning
14428	Probabilistic_Methods
240321	Neural_Networks
628815	Neural_Networks
159084	Neural_Networks
1112417	Probabilistic_Methods
263498	Genetic_Algorithms
48550	Neural_Networks
1118347	Neural_Networks
180187	Rule_Learning
1129518	Probabilistic_Methods
1135125	Neural_Networks
1131359	Genetic_Algorithms
66751	Theory
1106630	Neural_Networks
63486	Theory
3218	Rule_Learning
1131647	Neural_Networks
1153891	Case_Based
1153889	Case_Based
594543	Genetic_Algorithms
1129835	Rule_Learning
147870	Neural_Networks
235683	Rule_Learning
126909	Probabilistic_Methods
278403	Neural_Networks
192734	Theory
66794	Probabilistic_Methods
1107728	Neural_Networks
7032	Probabilistic_Methods
93555	Neural_Networks
91038	Probabilistic_Methods
293271	Reinforcement_Learning
6346	Case_Based
62389	Case_Based
1129018	Genetic_Algorithms
294126	Rule_Learning
116790	Probabilistic_Methods
1107136	Genetic_Algorithms
976284	Theory
1106547	Reinforcement_Learning
1105011	Probabilistic_Methods
1132887	Probabilistic_Methods
194645	Reinforcement_Learning
672070	Neural_Networks
1138619	Neural_Networks
1153942	Genetic_Algorithms
50838	Neural_Networks
13213	Reinforcement_Learning
1103016	Neural_Networks
312409	Neural_Networks
260979	Theory
52007	Neural_Networks
12337	Neural_Networks
12238	Theory
98698	Genetic_Algorithms
45603	Neural_Networks
216878	Theory
648121	Neural_Networks
1108050	Neural_Networks
648369	Neural_Networks
134219	Genetic_Algorithms
59715	Genetic_Algorithms
161221	Neural_Networks
6220	Reinforcement_Learning
647447	Genetic_Algorithms
78549	Neural_Networks
684372	Neural_Networks
1135108	Probabilistic_Methods
134315	Probabilistic_Methods
49753	Probabilistic_Methods
17798	Case_Based
124296	Neural_Networks
3240	Theory
1132459	Neural_Networks
975567	Genetic_Algorithms
75694	Reinforcement_Learning
28265	Case_Based
18770	Probabilistic_Methods
621555	Neural_Networks
67292	Neural_Networks
133615	Rule_Learning
1116835	Neural_Networks
56112	Genetic_Algorithms
270600	Neural_Networks
177993	Genetic_Algorithms
73146	Probabilistic_Methods
36167	Reinforcement_Learning
1125402	Probabilistic_Methods
40131	Neural_Networks
28542	Reinforcement_Learning
1153784	Neural_Networks
126912	Probabilistic_Methods
1154459	Genetic_Algorithms
1112911	Genetic_Algorithms
89416	Probabilistic_Methods
308920	Probabilistic_Methods
162075	Neural_Networks
1125895	Reinforcement_Learning
27174	Neural_Networks
377303	Genetic_Algorithms
1114184	Neural_Networks
33231	Probabilistic_Methods
640617	Genetic_Algorithms
1131334	Probabilistic_Methods
70442	Case_Based
689152	Neural_Networks
129897	Probabilistic_Methods
1152290	Theory
582343	Theory
1105394	Reinforcement_Learning
66563	Genetic_Algorithms
688824	Neural_Networks
212930	Neural_Networks
1115456	Neural_Networks
1131719	Rule_Learning
1131164	Probabilistic_Methods
43698	Neural_Networks
153063	Probabilistic_Methods
55801	Case_Based
141868	Neural_Networks
217984	Neural_Networks
1152904	Neural_Networks
1116839	Case_Based
13205	Reinforcement_Learning
1152711	Neural_Networks
175291	Neural_Networks
608191	Genetic_Algorithms
36145	Neural_Networks
28287	Reinforcement_Learning
180301	Probabilistic_Methods
310653	Probabilistic_Methods
1153945	Genetic_Algorithms
87363	Genetic_Algorithms
18785	Probabilistic_Methods
20602	Theory
561582	Probabilistic_Methods
1106771	Neural_Networks
22883	Theory
206524	Rule_Learning
12946	Probabilistic_Methods
193931	Neural_Networks
285675	Neural_Networks
1108169	Neural_Networks
613409	Probabilistic_Methods
154047	Neural_Networks
307336	Neural_Networks
1103162	Reinforcement_Learning
948299	Neural_Networks
51834	Theory
48066	Theory
20850	Theory
1119178	Case_Based
8581	Neural_Networks
4274	Case_Based
1113534	Neural_Networks
18781	Theory
646195	Probabilistic_Methods
11148	Rule_Learning
682508	Probabilistic_Methods
211432	Theory
1128946	Genetic_Algorithms
370366	Neural_Networks
83725	Genetic_Algorithms
61417	Rule_Learning
1103499	Probabilistic_Methods
22874	Case_Based
253971	Neural_Networks
1152917	Probabilistic_Methods
853116	Neural_Networks
1130637	Case_Based
129045	Case_Based
18812	Probabilistic_Methods
390889	Neural_Networks
1130847	Genetic_Algorithms
1118332	Neural_Networks
400473	Neural_Networks
1103315	Reinforcement_Learning
694759	Genetic_Algorithms
335733	Genetic_Algorithms
481073	Reinforcement_Learning
503871	Neural_Networks
1129015	Genetic_Algorithms
91975	Reinforcement_Learning
1112574	Theory
1140547	Neural_Networks
27203	Theory
103430	Neural_Networks
1120252	Probabilistic_Methods
84459	Theory
14529	Case_Based
643221	Probabilistic_Methods
231198	Neural_Networks
1103394	Case_Based
143676	Neural_Networks
502574	Case_Based
1131257	Probabilistic_Methods
1022969	Case_Based
1108656	Case_Based
1153003	Theory
1121254	Probabilistic_Methods
1109185	Neural_Networks
1110579	Case_Based
116084	Rule_Learning
217139	Case_Based
696343	Neural_Networks
12195	Theory
75695	Neural_Networks
135464	Neural_Networks
321861	Theory
75983	Neural_Networks
16476	Neural_Networks
3085	Case_Based
1114777	Case_Based
735311	Neural_Networks
30817	Neural_Networks
1121459	Case_Based
37541	Theory
1102548	Case_Based
397488	Genetic_Algorithms
44017	Theory
1103985	Genetic_Algorithms
94639	Genetic_Algorithms
594011	Genetic_Algorithms
187354	Rule_Learning
1153264	Theory
1153736	Theory
1131266	Probabilistic_Methods
578337	Neural_Networks
428610	Neural_Networks
35905	Neural_Networks
45052	Probabilistic_Methods
114	Reinforcement_Learning
38205	Genetic_Algorithms
1153166	Case_Based
645088	Probabilistic_Methods
6163	Reinforcement_Learning
71736	Probabilistic_Methods
31349	Neural_Networks
1105344	Neural_Networks
1118388	Case_Based
628888	Neural_Networks
1153254	Rule_Learning
96847	Genetic_Algorithms
592830	Rule_Learning
396412	Neural_Networks
3229	Neural_Networks
593813	Genetic_Algorithms
714879	Probabilistic_Methods
593328	Genetic_Algorithms
118079	Neural_Networks
593155	Genetic_Algorithms
69198	Neural_Networks
39904	Neural_Networks
230300	Reinforcement_Learning
431206	Neural_Networks
1114442	Genetic_Algorithms
70444	Case_Based
1153943	Genetic_Algorithms
646286	Probabilistic_Methods
17811	Genetic_Algorithms
11325	Rule_Learning
248431	Genetic_Algorithms
1125906	Probabilistic_Methods
397590	Rule_Learning
190706	Genetic_Algorithms
179180	Neural_Networks
12350	Theory
54129	Genetic_Algorithms
4804	Theory
642621	Probabilistic_Methods
22563	Neural_Networks
12155	Theory
6923	Rule_Learning
10981	Neural_Networks
12199	Theory
1133338	Genetic_Algorithms
178718	Genetic_Algorithms
590022	Probabilistic_Methods
5959	Case_Based
60169	Neural_Networks
2698	Neural_Networks
650814	Genetic_Algorithms
4329	Probabilistic_Methods
154982	Probabilistic_Methods
1103979	Neural_Networks
1959	Case_Based
684986	Neural_Networks
1114364	Neural_Networks
1125092	Reinforcement_Learning
568045	Rule_Learning
55403	Rule_Learning
134060	Theory
1103383	Genetic_Algorithms
853115	Neural_Networks
1116397	Case_Based
83826	Neural_Networks
1115886	Reinforcement_Learning
1154169	Neural_Networks
1129907	Probabilistic_Methods
1123239	Neural_Networks
69418	Neural_Networks
574462	Genetic_Algorithms
256106	Neural_Networks
1153262	Probabilistic_Methods
1135137	Neural_Networks
1114605	Neural_Networks
32276	Theory
1104809	Neural_Networks
6910	Neural_Networks
1131192	Probabilistic_Methods
84020	Probabilistic_Methods
85299	Neural_Networks
644494	Probabilistic_Methods
102061	Genetic_Algorithms
42209	Theory
1118209	Theory
1154173	Probabilistic_Methods
1108834	Neural_Networks
1031453	Neural_Networks
133628	Theory
131317	Neural_Networks
249858	Theory
348437	Theory
32260	Theory
1129570	Genetic_Algorithms
1154233	Probabilistic_Methods
1119623	Probabilistic_Methods
166825	Case_Based
241133	Theory
22869	Case_Based
1113084	Neural_Networks
15892	Case_Based
1131149	Neural_Networks
1110950	Neural_Networks
263279	Genetic_Algorithms
594039	Neural_Networks
1114153	Neural_Networks
395540	Probabilistic_Methods
40124	Probabilistic_Methods
1107808	Neural_Networks
1130680	Neural_Networks
1103676	Neural_Networks
7532	Neural_Networks
595193	Genetic_Algorithms
427606	Neural_Networks
575077	Genetic_Algorithms
1120786	Neural_Networks
192850	Theory
1105698	Probabilistic_Methods
1135122	Neural_Networks
6334	Case_Based
210309	Theory
1107455	Reinforcement_Learning
593060	Genetic_Algorithms
8766	Rule_Learning
102879	Theory
65212	Neural_Networks
509379	Theory
3235	Probabilistic_Methods
189623	Probabilistic_Methods
578780	Genetic_Algorithms
1133010	Probabilistic_Methods
132806	Genetic_Algorithms
31863	Probabilistic_Methods
6196	Reinforcement_Learning
1153014	Probabilistic_Methods
976334	Reinforcement_Learning
168332	Reinforcement_Learning
6775	Neural_Networks
1153183	Theory
753047	Theory
111770	Probabilistic_Methods
22431	Rule_Learning
1127810	Neural_Networks
1131184	Neural_Networks
6215	Reinforcement_Learning
7022	Neural_Networks
576691	Genetic_Algorithms
1127566	Probabilistic_Methods
75318	Neural_Networks
575795	Neural_Networks
1125993	Case_Based
642798	Probabilistic_Methods
1126503	Neural_Networks
34708	Neural_Networks
128540	Genetic_Algorithms
4584	Reinforcement_Learning
628500	Reinforcement_Learning
656048	Case_Based
39199	Neural_Networks
69397	Theory
137130	Probabilistic_Methods
1111230	Reinforcement_Learning
112099	Case_Based
593068	Genetic_Algorithms
34082	Probabilistic_Methods
66564	Genetic_Algorithms
1130780	Probabilistic_Methods
18313	Genetic_Algorithms
1105531	Probabilistic_Methods
31489	Probabilistic_Methods
634975	Genetic_Algorithms
44121	Probabilistic_Methods
1154232	Probabilistic_Methods
1112099	Theory
645016	Probabilistic_Methods
1154123	Neural_Networks
36131	Probabilistic_Methods
2658	Neural_Networks
644334	Probabilistic_Methods
950052	Neural_Networks
1111978	Probabilistic_Methods
30934	Theory
1110438	Neural_Networks
682815	Genetic_Algorithms
1129208	Theory
510715	Probabilistic_Methods
642930	Neural_Networks
591016	Rule_Learning
207395	Case_Based
73712	Neural_Networks
703953	Probabilistic_Methods
33013	Reinforcement_Learning
1106854	Neural_Networks
70281	Neural_Networks
610529	Neural_Networks
594900	Genetic_Algorithms
642920	Neural_Networks
12182	Theory
51052	Probabilistic_Methods
1111304	Reinforcement_Learning
182093	Genetic_Algorithms
96851	Genetic_Algorithms
1120858	Neural_Networks
56167	Case_Based
1128881	Rule_Learning
13972	Reinforcement_Learning
763181	Neural_Networks
282700	Neural_Networks
1120211	Neural_Networks
4660	Theory
7041	Neural_Networks
39131	Case_Based
578306	Neural_Networks
340075	Neural_Networks
126868	Case_Based
20178	Case_Based
644093	Probabilistic_Methods
1131728	Case_Based
1131198	Genetic_Algorithms
51866	Theory
58552	Neural_Networks
1129111	Neural_Networks
28632	Theory
1139195	Case_Based
62607	Rule_Learning
118873	Neural_Networks
633081	Probabilistic_Methods
133567	Neural_Networks
27612	Theory
264347	Neural_Networks
1110515	Genetic_Algorithms
1152421	Genetic_Algorithms
1134865	Genetic_Algorithms
47683	Case_Based
120013	Neural_Networks
54550	Case_Based
1000012	Rule_Learning
566653	Case_Based
208345	Case_Based
591017	Rule_Learning
1128978	Genetic_Algorithms
323128	Theory
184918	Neural_Networks
28249	Reinforcement_Learning
575402	Genetic_Algorithms
1108389	Probabilistic_Methods
1118286	Rule_Learning
85688	Rule_Learning
1130927	Neural_Networks
756061	Neural_Networks
227178	Genetic_Algorithms
18532	Neural_Networks
105856	Neural_Networks
1111899	Case_Based
1127619	Rule_Learning
31055	Neural_Networks
189655	Probabilistic_Methods
390922	Probabilistic_Methods
1153097	Neural_Networks
143476	Probabilistic_Methods
52847	Theory
642847	Probabilistic_Methods
287787	Genetic_Algorithms
8591	Rule_Learning
78552	Neural_Networks
1115471	Rule_Learning
1106406	Reinforcement_Learning
2665	Neural_Networks
135798	Case_Based
65057	Probabilistic_Methods
16474	Neural_Networks
1153031	Neural_Networks
164885	Genetic_Algorithms
1112686	Probabilistic_Methods
12347	Neural_Networks
203646	Neural_Networks
90888	Neural_Networks
1113831	Genetic_Algorithms
353541	Neural_Networks
1107095	Rule_Learning
5454	Neural_Networks
82090	Genetic_Algorithms
1130934	Neural_Networks
1997	Probabilistic_Methods
95188	Case_Based
1105360	Rule_Learning
126926	Probabilistic_Methods
35922	Probabilistic_Methods
94953	Neural_Networks
506	Probabilistic_Methods
95588	Reinforcement_Learning
59772	Neural_Networks
69392	Neural_Networks
411092	Neural_Networks
1105221	Genetic_Algorithms
1152179	Neural_Networks
32083	Neural_Networks
1104182	Reinforcement_Learning
1128151	Genetic_Algorithms
5462	Neural_Networks
62718	Case_Based
643695	Probabilistic_Methods
817774	Neural_Networks
567018	Neural_Networks
1106370	Neural_Networks
1131314	Probabilistic_Methods
51879	Neural_Networks
170338	Reinforcement_Learning
255233	Case_Based
136767	Theory
112787	Case_Based
64271	Case_Based
1111733	Neural_Networks
1154230	Neural_Networks
643069	Probabilistic_Methods
177998	Genetic_Algorithms
236759	Neural_Networks
1999	Theory
101261	Theory
74921	Probabilistic_Methods
1153879	Neural_Networks
94641	Genetic_Algorithms
671293	Probabilistic_Methods
1120169	Theory
5075	Case_Based
33301	Case_Based
43639	Neural_Networks
8617	Neural_Networks
123825	Neural_Networks
990075	Case_Based
8703	Rule_Learning
1152821	Neural_Networks
64319	Theory
1134022	Genetic_Algorithms
101660	Rule_Learning
346243	Theory
1153064	Theory
62347	Neural_Networks
350362	Theory
1130653	Case_Based
11337	Theory
1106298	Theory
1108175	Neural_Networks
308003	Rule_Learning
3932	Case_Based
25772	Neural_Networks
6151	Reinforcement_Learning
272720	Theory
63915	Neural_Networks
233106	Neural_Networks
54844	Theory
1128437	Theory
49847	Rule_Learning
1128542	Neural_Networks
103531	Case_Based
459216	Genetic_Algorithms
1123530	Genetic_Algorithms
1121569	Neural_Networks
1105433	Probabilistic_Methods
1123068	Probabilistic_Methods
1116629	Neural_Networks
99023	Neural_Networks
93320	Reinforcement_Learning
27535	Probabilistic_Methods
137790	Theory
641956	Neural_Networks
578347	Neural_Networks
50336	Probabilistic_Methods
117315	Genetic_Algorithms
152227	Theory
1131195	Neural_Networks
1119295	Rule_Learning
1131752	Genetic_Algorithms
140569	Neural_Networks
118259	Reinforcement_Learning
194609	Neural_Networks
4878	Case_Based
1129494	Neural_Networks
61069	Genetic_Algorithms
330148	Neural_Networks
606647	Genetic_Algorithms
41417	Case_Based
86258	Theory
1154525	Rule_Learning
46501	Theory
254923	Genetic_Algorithms
84695	Neural_Networks
1130069	Neural_Networks
12439	Neural_Networks
119686	Neural_Networks
17477	Genetic_Algorithms
16470	Neural_Networks
568857	Genetic_Algorithms
215912	Neural_Networks
31479	Probabilistic_Methods
941	Case_Based
662279	Neural_Networks
84021	Genetic_Algorithms
1126315	Neural_Networks
289780	Neural_Networks
1152244	Case_Based
1138968	Genetic_Algorithms
739280	Neural_Networks
1112665	Neural_Networks
94713	Probabilistic_Methods
14549	Theory
682666	Reinforcement_Learning
27531	Neural_Networks
28336	Genetic_Algorithms
892139	Reinforcement_Learning
573978	Genetic_Algorithms
368431	Theory
110163	Case_Based
1131611	Theory
119712	Genetic_Algorithms
226698	Neural_Networks
151708	Neural_Networks
1120962	Neural_Networks
101145	Neural_Networks
1113828	Neural_Networks
445938	Neural_Networks
175909	Case_Based
653441	Probabilistic_Methods
177115	Case_Based
503893	Genetic_Algorithms
39403	Reinforcement_Learning
131117	Neural_Networks
40125	Probabilistic_Methods
174425	Theory
340299	Neural_Networks
190698	Neural_Networks
595056	Genetic_Algorithms
1136110	Neural_Networks
362926	Rule_Learning
395725	Neural_Networks
1130657	Theory
31483	Probabilistic_Methods
1125953	Rule_Learning
593104	Genetic_Algorithms
259701	Genetic_Algorithms
16819	Probabilistic_Methods
112813	Case_Based
1106568	Neural_Networks
643485	Probabilistic_Methods
116528	Theory
1102646	Neural_Networks
1131745	Neural_Networks
28674	Theory
242637	Neural_Networks
284414	Case_Based
29723	Probabilistic_Methods
1123215	Theory
1125082	Neural_Networks
1130808	Neural_Networks
137380	Rule_Learning
58453	Genetic_Algorithms
430329	Neural_Networks
1119180	Case_Based
8821	Case_Based
64519	Reinforcement_Learning
180373	Theory
28504	Reinforcement_Learning
578649	Genetic_Algorithms
38829	Case_Based
854434	Neural_Networks
8594	Rule_Learning
198443	Genetic_Algorithms
175548	Neural_Networks
27543	Neural_Networks
102406	Theory
631052	Neural_Networks
648112	Neural_Networks
33904	Genetic_Algorithms
617575	Neural_Networks
50980	Case_Based
368657	Neural_Networks
1135345	Neural_Networks
70970	Genetic_Algorithms
642681	Probabilistic_Methods
593248	Genetic_Algorithms
189571	Probabilistic_Methods
733576	Neural_Networks
57932	Neural_Networks
1127430	Genetic_Algorithms
1694	Genetic_Algorithms
118558	Reinforcement_Learning
1117249	Theory
1129096	Reinforcement_Learning
1131348	Neural_Networks
19621	Neural_Networks
1120563	Case_Based
1114864	Case_Based
17242	Probabilistic_Methods
302545	Probabilistic_Methods
189708	Probabilistic_Methods
73119	Probabilistic_Methods
746058	Neural_Networks
594047	Genetic_Algorithms
563613	Neural_Networks
1103031	Probabilistic_Methods
198866	Case_Based
928873	Neural_Networks
1152569	Genetic_Algorithms
1107140	Theory
1152358	Genetic_Algorithms
711994	Neural_Networks
184157	Reinforcement_Learning
51045	Probabilistic_Methods
644448	Probabilistic_Methods
239800	Neural_Networks
116021	Theory
1106112	Reinforcement_Learning
17201	Reinforcement_Learning
519318	Probabilistic_Methods
650834	Genetic_Algorithms
416455	Genetic_Algorithms
142268	Probabilistic_Methods
36620	Case_Based
1114336	Case_Based
148341	Genetic_Algorithms
153598	Reinforcement_Learning
1126011	Probabilistic_Methods
1111788	Theory
13193	Reinforcement_Learning
189620	Probabilistic_Methods
1105231	Genetic_Algorithms
1107367	Case_Based
1109566	Theory
108974	Probabilistic_Methods
114189	Probabilistic_Methods
1129778	Genetic_Algorithms
1121659	Probabilistic_Methods
66986	Neural_Networks
289779	Genetic_Algorithms
1152259	Probabilistic_Methods
293974	Probabilistic_Methods
1106789	Probabilistic_Methods
636511	Neural_Networks
1109199	Genetic_Algorithms
58268	Rule_Learning
1104769	Neural_Networks
593559	Genetic_Algorithms
63832	Genetic_Algorithms
1131189	Probabilistic_Methods
1126037	Neural_Networks
28456	Theory
1132157	Probabilistic_Methods
6814	Probabilistic_Methods
1105148	Reinforcement_Learning
132821	Theory
751408	Neural_Networks
853150	Neural_Networks
131042	Neural_Networks
137873	Probabilistic_Methods
13656	Neural_Networks
72805	Rule_Learning
1153897	Genetic_Algorithms
19231	Theory
1116328	Neural_Networks
648106	Neural_Networks
1131165	Probabilistic_Methods
1118017	Neural_Networks
133566	Neural_Networks
1152740	Reinforcement_Learning
365294	Reinforcement_Learning
38846	Case_Based
1112767	Neural_Networks
193347	Rule_Learning
3220	Neural_Networks
1122304	Neural_Networks
1128853	Rule_Learning
1152272	Neural_Networks
213246	Neural_Networks
1123867	Theory
128383	Case_Based
73972	Case_Based
145176	Neural_Networks
330208	Neural_Networks
521252	Theory
108963	Probabilistic_Methods
23116	Probabilistic_Methods
643734	Neural_Networks
162664	Probabilistic_Methods
28641	Theory
159085	Neural_Networks
1154500	Case_Based
709113	Rule_Learning
54131	Genetic_Algorithms
8832	Case_Based
45189	Theory
56119	Genetic_Algorithms
99030	Neural_Networks
169279	Neural_Networks
137849	Probabilistic_Methods
1105530	Neural_Networks
1114526	Theory
239810	Case_Based
90470	Probabilistic_Methods
1135115	Neural_Networks
649944	Rule_Learning
60159	Neural_Networks
230884	Neural_Networks
114308	Reinforcement_Learning
6784	Neural_Networks
1134197	Neural_Networks
28267	Case_Based
1128975	Genetic_Algorithms
1106401	Theory
449841	Rule_Learning
28487	Reinforcement_Learning
189774	Probabilistic_Methods
576257	Genetic_Algorithms
167205	Rule_Learning
70441	Case_Based
249421	Neural_Networks
628668	Reinforcement_Learning
1152991	Probabilistic_Methods
646836	Genetic_Algorithms
1123553	Reinforcement_Learning
20526	Reinforcement_Learning
50381	Theory
100935	Genetic_Algorithms
20528	Case_Based
1133469	Reinforcement_Learning
246618	Genetic_Algorithms
189577	Theory
117	Reinforcement_Learning
299195	Neural_Networks
1118092	Reinforcement_Learning
1129369	Genetic_Algorithms
51831	Neural_Networks
1120084	Neural_Networks
158614	Theory
1153065	Neural_Networks
8213	Reinforcement_Learning
6214	Reinforcement_Learning
1103737	Theory
77826	Case_Based
229635	Genetic_Algorithms
235678	Rule_Learning
141342	Genetic_Algorithms
1152676	Genetic_Algorithms
654339	Genetic_Algorithms
1131137	Probabilistic_Methods
1128204	Genetic_Algorithms
197783	Neural_Networks
217115	Theory
139547	Neural_Networks
385067	Case_Based
1105603	Neural_Networks
83847	Neural_Networks
8874	Genetic_Algorithms
1131330	Probabilistic_Methods
1108329	Case_Based
214472	Theory
459214	Genetic_Algorithms
36802	Probabilistic_Methods
644843	Probabilistic_Methods
53942	Theory
578669	Genetic_Algorithms
561364	Probabilistic_Methods
72908	Rule_Learning
763009	Neural_Networks
20601	Theory
83449	Case_Based
288	Reinforcement_Learning
242663	Probabilistic_Methods
13885	Neural_Networks
753070	Theory
1131335	Probabilistic_Methods
1119654	Case_Based
1121313	Case_Based
95642	Case_Based
121792	Neural_Networks
140005	Theory
22835	Neural_Networks
350373	Theory
1110209	Probabilistic_Methods
467383	Genetic_Algorithms
228992	Neural_Networks
509233	Theory
48766	Genetic_Algorithms
1116530	Neural_Networks
1131464	Neural_Networks
1128935	Rule_Learning
11093	Probabilistic_Methods
202639	Neural_Networks
1123188	Neural_Networks
95594	Reinforcement_Learning
25794	Neural_Networks
10174	Theory
1104435	Probabilistic_Methods
675649	Neural_Networks
46536	Neural_Networks
1154276	Neural_Networks
23545	Theory
1128927	Rule_Learning
35061	Genetic_Algorithms
28412	Reinforcement_Learning
86840	Theory
2695	Neural_Networks
27632	Reinforcement_Learning
25184	Neural_Networks
1108551	Theory
195792	Genetic_Algorithms
31353	Neural_Networks
40922	Case_Based
1113934	Case_Based
631015	Neural_Networks
561568	Probabilistic_Methods
75972	Rule_Learning
243483	Genetic_Algorithms
617378	Neural_Networks
1118848	Neural_Networks
93755	Theory
1119211	Neural_Networks
118682	Probabilistic_Methods
13717	Rule_Learning
232605	Rule_Learning
593240	Genetic_Algorithms
521207	Case_Based
423463	Probabilistic_Methods
263553	Neural_Networks
1035	Reinforcement_Learning
1123087	Neural_Networks
738941	Neural_Networks
574009	Genetic_Algorithms
12210	Theory
1153811	Rule_Learning
559804	Probabilistic_Methods
129042	Case_Based
752684	Neural_Networks
6184	Reinforcement_Learning
1119671	Neural_Networks
1107861	Theory
1152394	Neural_Networks
683355	Probabilistic_Methods
58758	Genetic_Algorithms
141171	Neural_Networks
1109873	Neural_Networks
95597	Reinforcement_Learning
1130856	Genetic_Algorithms
143323	Case_Based
45061	Theory
33325	Theory
634938	Genetic_Algorithms
884094	Probabilistic_Methods
1114398	Neural_Networks
628751	Neural_Networks
561593	Probabilistic_Methods
38722	Theory
1106052	Case_Based
1102751	Theory
29708	Neural_Networks
259772	Case_Based
59798	Neural_Networks
28851	Genetic_Algorithms
91852	Case_Based
166420	Theory
522338	Probabilistic_Methods
212097	Probabilistic_Methods
1107171	Case_Based
57773	Rule_Learning
101263	Theory
1152673	Neural_Networks
7419	Neural_Networks
88356	Probabilistic_Methods
40151	Theory
645046	Probabilistic_Methods
28385	Reinforcement_Learning
1136310	Probabilistic_Methods
294239	Neural_Networks
592993	Genetic_Algorithms
28964	Probabilistic_Methods
1130929	Neural_Networks
763010	Neural_Networks
258259	Neural_Networks
30973	Neural_Networks
1116594	Neural_Networks
1152663	Reinforcement_Learning
195361	Reinforcement_Learning
93318	Neural_Networks
238401	Theory
47684	Case_Based
644441	Probabilistic_Methods
1133008	Neural_Networks
561789	Probabilistic_Methods
124734	Theory
321004	Genetic_Algorithms
342802	Neural_Networks
74821	Probabilistic_Methods
1132418	Neural_Networks
662250	Neural_Networks
626531	Probabilistic_Methods
85452	Theory
399339	Reinforcement_Learning
1152490	Neural_Networks
1125944	Case_Based
1121603	Neural_Networks
25791	Neural_Networks
5064	Case_Based
136766	Rule_Learning
411005	Neural_Networks
12576	Genetic_Algorithms
714748	Neural_Networks
375605	Genetic_Algorithms
1117653	Neural_Networks
62329	Neural_Networks
911198	Neural_Networks
27246	Neural_Networks
561595	Probabilistic_Methods
1110024	Case_Based
118435	Neural_Networks
109323	Probabilistic_Methods
1131267	Probabilistic_Methods
35854	Neural_Networks
1104999	Genetic_Algorithms
714289	Probabilistic_Methods
529165	Neural_Networks
66805	Genetic_Algorithms
1107215	Case_Based
1130243	Probabilistic_Methods
10531	Probabilistic_Methods
594387	Genetic_Algorithms
1132416	Neural_Networks
126927	Probabilistic_Methods
28290	Reinforcement_Learning
27241	Theory
1120170	Reinforcement_Learning
49720	Probabilistic_Methods
31336	Neural_Networks
18777	Probabilistic_Methods
595157	Genetic_Algorithms
1110998	Neural_Networks
424540	Neural_Networks
38000	Rule_Learning
191404	Probabilistic_Methods
235679	Rule_Learning
270085	Genetic_Algorithms
1138043	Theory
248119	Theory
6786	Probabilistic_Methods
1102364	Probabilistic_Methods
1111240	Neural_Networks
596075	Case_Based
1112071	Probabilistic_Methods
35863	Reinforcement_Learning
1112026	Neural_Networks
646809	Genetic_Algorithms
44455	Genetic_Algorithms
12638	Neural_Networks
141160	Neural_Networks
74700	Probabilistic_Methods
72101	Neural_Networks
13658	Neural_Networks
709518	Neural_Networks
51934	Neural_Networks
1115291	Neural_Networks
15984	Probabilistic_Methods
13195	Reinforcement_Learning
4330	Probabilistic_Methods
1122460	Neural_Networks
23070	Probabilistic_Methods
20179	Case_Based
1126012	Probabilistic_Methods
1140230	Neural_Networks
368605	Neural_Networks
328370	Neural_Networks
5966	Genetic_Algorithms
152483	Genetic_Algorithms
562123	Neural_Networks
1135746	Theory
13269	Probabilistic_Methods
9513	Theory
458439	Theory
1123926	Theory
634902	Genetic_Algorithms
107569	Neural_Networks
576795	Genetic_Algorithms
101811	Neural_Networks
1153900	Neural_Networks
1128267	Reinforcement_Learning
672064	Neural_Networks
1154012	Neural_Networks
1152958	Neural_Networks
1132486	Neural_Networks
1130356	Theory
1131754	Genetic_Algorithms
134316	Probabilistic_Methods
46468	Probabilistic_Methods
63549	Probabilistic_Methods
1114838	Theory
103528	Case_Based
74920	Probabilistic_Methods
824245	Neural_Networks
75969	Rule_Learning
98693	Genetic_Algorithms
645452	Probabilistic_Methods
12158	Theory
33907	Genetic_Algorithms
55968	Reinforcement_Learning
50807	Genetic_Algorithms
943	Case_Based
1136634	Theory
82087	Genetic_Algorithms
33303	Case_Based
447250	Neural_Networks
647315	Genetic_Algorithms
6925	Neural_Networks
32688	Neural_Networks
66982	Neural_Networks
340078	Neural_Networks
645571	Probabilistic_Methods
30895	Theory
58436	Case_Based
385572	Neural_Networks
50337	Probabilistic_Methods
654326	Genetic_Algorithms
1481	Case_Based
191216	Neural_Networks
1152761	Genetic_Algorithms
1126050	Neural_Networks
1102442	Theory
4637	Theory
44514	Neural_Networks
1120049	Neural_Networks
574710	Genetic_Algorithms
1132815	Neural_Networks
1952	Case_Based
193742	Reinforcement_Learning
123556	Neural_Networks
47682	Neural_Networks
149669	Probabilistic_Methods
521251	Case_Based
380341	Neural_Networks
20920	Probabilistic_Methods
67584	Probabilistic_Methods
40583	Probabilistic_Methods
1123093	Rule_Learning
521183	Case_Based
28350	Reinforcement_Learning
289088	Neural_Networks
1114192	Neural_Networks
616336	Rule_Learning
1128974	Genetic_Algorithms
289085	Neural_Networks
950305	Neural_Networks
28387	Reinforcement_Learning
1130586	Neural_Networks
110041	Genetic_Algorithms
93273	Theory
1131360	Genetic_Algorithms
134128	Reinforcement_Learning
3233	Probabilistic_Methods
154023	Neural_Networks
1110256	Theory
1128839	Neural_Networks
52000	Neural_Networks
628458	Neural_Networks
1130080	Neural_Networks
158812	Neural_Networks
354004	Probabilistic_Methods
6170	Reinforcement_Learning
358894	Theory
126793	Probabilistic_Methods
248425	Genetic_Algorithms
1272	Theory
612306	Rule_Learning
1116569	Neural_Networks
1133004	Neural_Networks
1103969	Probabilistic_Methods
20924	Probabilistic_Methods
27510	Theory
1102850	Neural_Networks
943087	Theory
48781	Genetic_Algorithms
1153101	Rule_Learning
1102407	Neural_Networks
1128856	Rule_Learning
218666	Case_Based
523010	Neural_Networks
37998	Rule_Learning
1110494	Neural_Networks
25702	Neural_Networks
119761	Neural_Networks
95435	Reinforcement_Learning
1131420	Neural_Networks
695284	Theory
576362	Genetic_Algorithms
82920	Genetic_Algorithms
1125597	Genetic_Algorithms
58454	Case_Based
592986	Genetic_Algorithms
737204	Neural_Networks
1128430	Probabilistic_Methods
264556	Neural_Networks
561613	Probabilistic_Methods
118559	Reinforcement_Learning
1717	Probabilistic_Methods
887	Theory
1124844	Neural_Networks
1117942	Reinforcement_Learning
575292	Genetic_Algorithms
1110563	Neural_Networks
6935	Rule_Learning
643003	Probabilistic_Methods
1134348	Probabilistic_Methods
12169	Theory
1116410	Case_Based
83461	Rule_Learning
735303	Genetic_Algorithms
40886	Neural_Networks
566488	Case_Based
1153160	Theory
1127863	Rule_Learning
28485	Reinforcement_Learning
104840	Theory
38480	Reinforcement_Learning
434	Reinforcement_Learning
1128846	Neural_Networks
197452	Neural_Networks
853118	Neural_Networks
267003	Neural_Networks
662416	Neural_Networks
141324	Genetic_Algorithms
1130676	Neural_Networks
5348	Neural_Networks
1104379	Neural_Networks
1154229	Probabilistic_Methods
5869	Neural_Networks
315266	Probabilistic_Methods
10186	Theory
1131274	Probabilistic_Methods
45188	Theory
148170	Genetic_Algorithms
1130915	Neural_Networks
1152975	Case_Based
23448	Neural_Networks
1119987	Case_Based
504	Probabilistic_Methods
78511	Genetic_Algorithms
273152	Genetic_Algorithms
74937	Neural_Networks
34315	Neural_Networks
23507	Neural_Networks
608190	Genetic_Algorithms
8699	Theory
595063	Genetic_Algorithms
1129443	Neural_Networks
13212	Neural_Networks
273949	Neural_Networks
1134320	Probabilistic_Methods
126920	Probabilistic_Methods
1134056	Neural_Networks
447224	Genetic_Algorithms
221302	Case_Based
27895	Theory
1104946	Theory
348305	Rule_Learning
714260	Probabilistic_Methods
1129368	Genetic_Algorithms
92589	Probabilistic_Methods
1114125	Reinforcement_Learning
157761	Theory
3223	Theory
628667	Neural_Networks
1110531	Case_Based
28957	Probabilistic_Methods
22229	Genetic_Algorithms
1114239	Genetic_Algorithms
416867	Theory
1104261	Theory
662572	Neural_Networks
1136442	Neural_Networks
12165	Theory
1153896	Genetic_Algorithms
111866	Theory
152219	Neural_Networks
1063773	Neural_Networks
1104191	Neural_Networks
137956	Rule_Learning
18815	Case_Based
9581	Probabilistic_Methods
689439	Rule_Learning
645870	Probabilistic_Methods
12275	Neural_Networks
45599	Genetic_Algorithms
12247	Theory
1152194	Neural_Networks
1135082	Neural_Networks
644427	Probabilistic_Methods
1129106	Case_Based
1153024	Probabilistic_Methods
421481	Probabilistic_Methods
20534	Reinforcement_Learning
18536	Neural_Networks
157805	Theory
20592	Neural_Networks
227286	Neural_Networks
1116044	Probabilistic_Methods
1109017	Genetic_Algorithms
12960	Theory
1106849	Neural_Networks
286562	Neural_Networks
1128531	Rule_Learning
179706	Neural_Networks
6318	Case_Based
23258	Reinforcement_Learning
3191	Probabilistic_Methods
35778	Probabilistic_Methods
1127558	Probabilistic_Methods
632935	Probabilistic_Methods
582349	Neural_Networks
1153169	Theory
899119	Rule_Learning
1118823	Theory
49844	Rule_Learning
1106330	Case_Based
1110546	Genetic_Algorithms
1115670	Rule_Learning
1106418	Theory
1105887	Rule_Learning
289885	Probabilistic_Methods
1152162	Neural_Networks
1119751	Theory
1102761	Case_Based
159897	Probabilistic_Methods
18834	Reinforcement_Learning
6539	Theory
987197	Theory
189572	Probabilistic_Methods
415693	Genetic_Algorithms
307656	Genetic_Algorithms
1152910	Reinforcement_Learning
13982	Theory
28473	Reinforcement_Learning
15889	Case_Based
28230	Case_Based
785678	Genetic_Algorithms
193918	Neural_Networks
1130634	Neural_Networks
1131550	Genetic_Algorithms
12330	Neural_Networks
1120643	Genetic_Algorithms
89547	Theory
1102550	Genetic_Algorithms
1131374	Genetic_Algorithms
31097	Case_Based
594025	Genetic_Algorithms
82666	Case_Based
1125909	Probabilistic_Methods
1786	Theory
1119742	Probabilistic_Methods
79817	Probabilistic_Methods
1117786	Rule_Learning
67245	Neural_Networks
103529	Case_Based
205196	Neural_Networks
1131741	Genetic_Algorithms
1103610	Theory
189566	Probabilistic_Methods
34266	Neural_Networks
1131223	Probabilistic_Methods
672071	Neural_Networks
1153946	Neural_Networks
34355	Neural_Networks
127033	Genetic_Algorithms
1153056	Neural_Networks
1152308	Case_Based
1152277	Neural_Networks
1117184	Case_Based
170798	Case_Based
114966	Neural_Networks
13136	Neural_Networks
228990	Neural_Networks
1128369	Genetic_Algorithms
643735	Neural_Networks
642641	Probabilistic_Methods
8619	Neural_Networks
4983	Genetic_Algorithms
686061	Neural_Networks
1128943	Genetic_Algorithms
1138027	Case_Based
593209	Genetic_Algorithms
13024	Neural_Networks
63477	Case_Based
182094	Genetic_Algorithms
7047	Reinforcement_Learning
1110000	Probabilistic_Methods
260121	Neural_Networks
1153280	Genetic_Algorithms
119956	Neural_Networks
171954	Theory
145215	Case_Based
523574	Probabilistic_Methods
1132809	Rule_Learning
1154103	Neural_Networks
566664	Case_Based
390896	Probabilistic_Methods
459206	Genetic_Algorithms
1131230	Probabilistic_Methods
1105450	Theory
562940	Rule_Learning
120817	Neural_Networks
523394	Neural_Networks
28202	Reinforcement_Learning
17821	Reinforcement_Learning
1108363	Case_Based
1131557	Genetic_Algorithms
299197	Neural_Networks
27250	Theory
379288	Case_Based
1129040	Genetic_Algorithms
28389	Reinforcement_Learning
1113995	Neural_Networks
27606	Theory
1130454	Probabilistic_Methods
646412	Probabilistic_Methods
1152633	Probabilistic_Methods
1152564	Case_Based
593091	Genetic_Algorithms
1059953	Theory
14807	Theory
601462	Genetic_Algorithms
636500	Neural_Networks
567005	Neural_Networks
175576	Theory
219446	Neural_Networks
27631	Case_Based
1127551	Probabilistic_Methods
198653	Genetic_Algorithms
2702	Neural_Networks
552469	Theory
5062	Case_Based
593260	Genetic_Algorithms
577227	Genetic_Algorithms
1138755	Neural_Networks
754594	Neural_Networks
601567	Rule_Learning
90655	Neural_Networks
1104647	Genetic_Algorithms
1118120	Neural_Networks
267824	Neural_Networks
820661	Neural_Networks
1107572	Theory
578365	Neural_Networks
696342	Neural_Networks
62417	Probabilistic_Methods
66990	Neural_Networks
1131565	Neural_Networks
1119004	Neural_Networks
16461	Neural_Networks
1127657	Theory
1153577	Genetic_Algorithms
3084	Case_Based
671269	Neural_Networks
463	Case_Based
63931	Rule_Learning
97390	Genetic_Algorithms
136665	Neural_Networks
647413	Genetic_Algorithms
6385	Reinforcement_Learning
77829	Case_Based
31932	Neural_Networks
15431	Neural_Networks
216877	Rule_Learning
66809	Reinforcement_Learning
28359	Reinforcement_Learning
636098	Theory
9586	Reinforcement_Learning
1129621	Neural_Networks
350319	Neural_Networks
1128990	Genetic_Algorithms
38839	Case_Based
1117501	Neural_Networks
27249	Theory
1106966	Reinforcement_Learning
1115790	Neural_Networks
1133930	Neural_Networks
272345	Case_Based
39124	Case_Based
20972	Reinforcement_Learning
17476	Reinforcement_Learning
1123991	Probabilistic_Methods
8961	Reinforcement_Learning
408885	Probabilistic_Methods
13652	Neural_Networks
1105764	Reinforcement_Learning
1110426	Rule_Learning
189721	Probabilistic_Methods
20180	Case_Based
561809	Probabilistic_Methods
1112106	Neural_Networks
155158	Rule_Learning
1128201	Genetic_Algorithms
9559	Neural_Networks
169280	Neural_Networks
733534	Neural_Networks
18615	Rule_Learning
656231	Case_Based
1104055	Neural_Networks
178727	Genetic_Algorithms
11326	Theory
1123689	Probabilistic_Methods
1152379	Theory
78508	Neural_Networks
573535	Theory
116081	Rule_Learning
1116842	Theory
1154124	Neural_Networks
1131300	Probabilistic_Methods
592826	Rule_Learning
782486	Neural_Networks
1136040	Neural_Networks
1949	Case_Based
1109891	Neural_Networks
648232	Neural_Networks
3101	Case_Based
1131258	Probabilistic_Methods
1131639	Neural_Networks
130	Reinforcement_Learning
310742	Probabilistic_Methods
100961	Neural_Networks
1104787	Neural_Networks
28278	Reinforcement_Learning
57119	Genetic_Algorithms
686015	Neural_Networks
1113182	Reinforcement_Learning
19045	Genetic_Algorithms
193932	Neural_Networks
238099	Rule_Learning
1152307	Case_Based
27627	Theory
2696	Neural_Networks
1153861	Neural_Networks
135765	Rule_Learning
71336	Neural_Networks
628766	Neural_Networks
68463	Rule_Learning
18832	Reinforcement_Learning
578845	Genetic_Algorithms
6941	Rule_Learning
131122	Neural_Networks
10169	Theory
948846	Neural_Networks
194617	Neural_Networks
284025	Neural_Networks
1120444	Case_Based
5038	Theory
1122425	Reinforcement_Learning
561238	Genetic_Algorithms
3097	Case_Based
37879	Probabilistic_Methods
46491	Theory
1154068	Probabilistic_Methods
577086	Genetic_Algorithms
954315	Rule_Learning
1107062	Genetic_Algorithms
608326	Genetic_Algorithms
1114118	Neural_Networks
1128536	Theory
38845	Case_Based
67415	Probabilistic_Methods
1153728	Case_Based
105057	Theory
1131312	Probabilistic_Methods
8696	Theory
646913	Genetic_Algorithms
950986	Neural_Networks
1123493	Theory
646289	Probabilistic_Methods
521855	Probabilistic_Methods
31769	Neural_Networks
6152	Reinforcement_Learning
753265	Neural_Networks
91581	Probabilistic_Methods
13966	Reinforcement_Learning
294030	Case_Based
180399	Neural_Networks
1133428	Neural_Networks
28489	Reinforcement_Learning
206371	Genetic_Algorithms
175256	Genetic_Algorithms
1119471	Theory
70520	Reinforcement_Learning
60682	Case_Based
561674	Neural_Networks
144701	Genetic_Algorithms
1136393	Neural_Networks
1155073	Rule_Learning
27514	Neural_Networks
6344	Case_Based
80491	Neural_Networks
2653	Theory
1121739	Reinforcement_Learning
345340	Reinforcement_Learning
594511	Genetic_Algorithms
7297	Neural_Networks
56708	Reinforcement_Learning
360028	Theory
289945	Neural_Networks
115188	Neural_Networks
1132083	Neural_Networks
307015	Genetic_Algorithms
1153877	Case_Based
188471	Reinforcement_Learning
1133196	Genetic_Algorithms
1112426	Neural_Networks
143801	Neural_Networks
644577	Probabilistic_Methods
69284	Genetic_Algorithms
687401	Neural_Networks
116545	Genetic_Algorithms
513189	Genetic_Algorithms
220420	Genetic_Algorithms
1135899	Neural_Networks
1126029	Neural_Networks
102884	Neural_Networks
1137466	Genetic_Algorithms
82098	Genetic_Algorithms
964248	Probabilistic_Methods
63835	Case_Based
14429	Probabilistic_Methods
1125492	Genetic_Algorithms
1136631	Theory
1102873	Neural_Networks
1152448	Case_Based
1103038	Case_Based
1128227	Genetic_Algorithms
46547	Theory
593210	Genetic_Algorithms
762980	Neural_Networks
17488	Reinforcement_Learning
1114629	Reinforcement_Learning
1112723	Neural_Networks
52515	Probabilistic_Methods
1131150	Neural_Networks
194223	Probabilistic_Methods
1132461	Neural_Networks
503883	Genetic_Algorithms
1131466	Probabilistic_Methods
1119216	Probabilistic_Methods
675756	Neural_Networks
39890	Probabilistic_Methods
646837	Genetic_Algorithms
626999	Neural_Networks
372862	Rule_Learning
608292	Genetic_Algorithms
24974	Neural_Networks
649739	Neural_Networks
1128319	Genetic_Algorithms
1110028	Theory
195150	Rule_Learning
93923	Rule_Learning
853114	Neural_Networks
486840	Genetic_Algorithms
1139928	Theory
15987	Probabilistic_Methods
346292	Neural_Networks
1130567	Reinforcement_Learning
136768	Rule_Learning
325497	Reinforcement_Learning
95198	Case_Based
1113541	Neural_Networks
27530	Neural_Networks
103515	Genetic_Algorithms
292277	Genetic_Algorithms
593921	Genetic_Algorithms
1034	Genetic_Algorithms
261040	Case_Based
1108209	Genetic_Algorithms
633031	Probabilistic_Methods
270456	Neural_Networks
29738	Neural_Networks
280876	Probabilistic_Methods
24476	Probabilistic_Methods
52835	Rule_Learning
43186	Neural_Networks
576973	Genetic_Algorithms
89335	Neural_Networks
189856	Probabilistic_Methods
13654	Neural_Networks
1132443	Neural_Networks
1118083	Neural_Networks
81714	Case_Based
1112929	Neural_Networks
1120020	Reinforcement_Learning
1102400	Theory
35852	Reinforcement_Learning
683294	Probabilistic_Methods
10177	Theory
160705	Neural_Networks
675847	Neural_Networks
96845	Genetic_Algorithms
77515	Theory
111676	Case_Based
1129683	Genetic_Algorithms
157401	Neural_Networks
936	Case_Based
167656	Theory
1133047	Rule_Learning
263486	Rule_Learning
7867	Case_Based
103482	Neural_Networks
78555	Neural_Networks
1130600	Reinforcement_Learning
642827	Probabilistic_Methods
906	Neural_Networks
739707	Neural_Networks
1129021	Genetic_Algorithms
1107312	Reinforcement_Learning
62274	Theory
1122704	Neural_Networks
19697	Neural_Networks
1107567	Theory
7272	Neural_Networks
23502	Neural_Networks
18251	Case_Based
1108267	Case_Based
423816	Genetic_Algorithms
1131167	Probabilistic_Methods
1108597	Case_Based
470511	Case_Based
430574	Neural_Networks
85352	Genetic_Algorithms
219239	Theory
245288	Reinforcement_Learning
626574	Probabilistic_Methods
1128291	Genetic_Algorithms
1071981	Reinforcement_Learning
593201	Genetic_Algorithms
18811	Probabilistic_Methods
1061127	Rule_Learning
1134346	Probabilistic_Methods
33412	Neural_Networks
14531	Neural_Networks
1107558	Probabilistic_Methods
6311	Theory
1106236	Case_Based
230879	Neural_Networks
77108	Theory
1688	Genetic_Algorithms
1106388	Rule_Learning
116553	Genetic_Algorithms
1132073	Neural_Networks
80656	Neural_Networks
1107067	Case_Based
66556	Genetic_Algorithms
1117618	Theory
1152859	Neural_Networks
318187	Rule_Learning
173884	Probabilistic_Methods
241821	Neural_Networks
7537	Neural_Networks
48768	Reinforcement_Learning
594483	Genetic_Algorithms
174418	Theory
1132385	Theory
593329	Genetic_Algorithms
286513	Genetic_Algorithms
1951	Case_Based
1114664	Case_Based
218410	Neural_Networks
262178	Genetic_Algorithms
20193	Case_Based
593544	Genetic_Algorithms
103537	Probabilistic_Methods
6378	Reinforcement_Learning
1130678	Neural_Networks
128203	Theory
1107010	Case_Based
8687	Rule_Learning
561610	Probabilistic_Methods
95579	Reinforcement_Learning
1112194	Neural_Networks
285687	Neural_Networks
35490	Case_Based
97377	Theory
1117219	Neural_Networks
32698	Probabilistic_Methods
589923	Probabilistic_Methods
395547	Neural_Networks
1131277	Probabilistic_Methods
167670	Probabilistic_Methods
197054	Reinforcement_Learning
1113035	Neural_Networks
2654	Theory
1114512	Rule_Learning
145134	Neural_Networks
133563	Neural_Networks
755082	Neural_Networks
1105033	Reinforcement_Learning
1119140	Neural_Networks
1102794	Rule_Learning
5194	Neural_Networks
815096	Neural_Networks
1108728	Rule_Learning
39130	Theory
20593	Neural_Networks
1108167	Theory
75674	Reinforcement_Learning
642593	Neural_Networks
627024	Neural_Networks
1116347	Reinforcement_Learning
560936	Neural_Networks
107252	Theory
133553	Neural_Networks
25805	Theory
714256	Probabilistic_Methods
118424	Neural_Networks
646900	Genetic_Algorithms
8224	Theory
948147	Neural_Networks
18619	Theory
200480	Case_Based
96335	Neural_Networks
1152075	Theory
646440	Probabilistic_Methods
578898	Genetic_Algorithms
1107355	Reinforcement_Learning
1116146	Case_Based
337766	Case_Based
1152896	Case_Based
310530	Case_Based
22876	Case_Based
1106764	Rule_Learning
17208	Reinforcement_Learning
145315	Rule_Learning
644363	Probabilistic_Methods
139865	Neural_Networks
654519	Genetic_Algorithms
42207	Theory
531348	Probabilistic_Methods
62676	Neural_Networks
1127812	Neural_Networks
3237	Probabilistic_Methods
14062	Genetic_Algorithms
49843	Rule_Learning
64484	Reinforcement_Learning
1128208	Genetic_Algorithms
251756	Neural_Networks
108047	Genetic_Algorithms
671052	Neural_Networks
144408	Neural_Networks
137868	Probabilistic_Methods
139738	Neural_Networks
263482	Rule_Learning
1125258	Neural_Networks
463825	Theory
74427	Neural_Networks
262121	Genetic_Algorithms
1131345	Neural_Networks
1109957	Reinforcement_Learning
1154524	Rule_Learning
20821	Rule_Learning
13960	Reinforcement_Learning
206259	Reinforcement_Learning
73323	Case_Based
1114222	Probabilistic_Methods
10793	Theory
1107418	Genetic_Algorithms
12198	Theory
42156	Neural_Networks
43165	Neural_Networks
1108841	Neural_Networks
22875	Case_Based
1113438	Genetic_Algorithms
1106287	Neural_Networks
1133846	Neural_Networks
49895	Rule_Learning
124224	Neural_Networks
1136449	Neural_Networks
202522	Probabilistic_Methods
66782	Rule_Learning
49811	Theory
1133417	Probabilistic_Methods
6209	Reinforcement_Learning
210872	Genetic_Algorithms
72056	Neural_Networks
1136397	Neural_Networks
61312	Genetic_Algorithms
202520	Probabilistic_Methods
135766	Rule_Learning
211875	Neural_Networks
1365	Neural_Networks
601561	Rule_Learning
1113739	Reinforcement_Learning
12197	Theory
54132	Genetic_Algorithms
711527	Theory
41666	Theory
3112	Case_Based
62333	Neural_Networks
86359	Genetic_Algorithms
57922	Theory
1128959	Genetic_Algorithms
573964	Genetic_Algorithms
68495	Theory
46887	Neural_Networks
211906	Theory
1132968	Neural_Networks
11342	Theory
6155	Reinforcement_Learning
189574	Probabilistic_Methods
1109208	Neural_Networks
27199	Theory
231249	Genetic_Algorithms
318071	Probabilistic_Methods
62634	Genetic_Algorithms
1122642	Neural_Networks
78994	Neural_Networks
141347	Genetic_Algorithms
30901	Theory
578650	Neural_Networks
10798	Neural_Networks
22886	Case_Based
101662	Neural_Networks
387795	Genetic_Algorithms
6767	Theory
1136814	Genetic_Algorithms
688361	Neural_Networks
57948	Theory
120084	Neural_Networks
436796	Neural_Networks
1131414	Neural_Networks
1118658	Theory
787016	Genetic_Algorithms
73162	Probabilistic_Methods
118436	Neural_Networks
78557	Neural_Networks
55770	Case_Based
74749	Theory
1120650	Rule_Learning
1153816	Neural_Networks
1104258	Neural_Networks
1107041	Case_Based
1105810	Case_Based
31083	Neural_Networks
39126	Neural_Networks
1135368	Neural_Networks
1128314	Genetic_Algorithms
239829	Theory
949217	Neural_Networks
1123576	Neural_Networks
309476	Probabilistic_Methods
643239	Probabilistic_Methods
1133028	Theory
67246	Neural_Networks
1135589	Neural_Networks
375825	Probabilistic_Methods
390693	Neural_Networks
300071	Neural_Networks
289781	Genetic_Algorithms
1140289	Neural_Networks
15670	Neural_Networks
103543	Probabilistic_Methods
1125469	Probabilistic_Methods
1129629	Genetic_Algorithms
1103960	Neural_Networks
5069	Case_Based
1108258	Case_Based
116552	Genetic_Algorithms
51909	Case_Based
129896	Neural_Networks
59244	Case_Based
3231	Theory
1128425	Neural_Networks
578309	Neural_Networks
1104007	Theory
582139	Neural_Networks
1104495	Theory
1105062	Neural_Networks
12558	Neural_Networks
577331	Neural_Networks
1140231	Neural_Networks
108983	Probabilistic_Methods
633585	Probabilistic_Methods
248823	Reinforcement_Learning
688849	Neural_Networks
358866	Probabilistic_Methods
40605	Probabilistic_Methods
987188	Neural_Networks
294145	Rule_Learning
232860	Neural_Networks
416964	Neural_Networks
1112650	Probabilistic_Methods
684531	Neural_Networks
192870	Neural_Networks
683360	Probabilistic_Methods
444191	Neural_Networks
235670	Neural_Networks
134307	Probabilistic_Methods
135130	Genetic_Algorithms
446610	Neural_Networks
20923	Case_Based
100701	Case_Based
1105932	Neural_Networks
237489	Neural_Networks
18774	Probabilistic_Methods
190697	Genetic_Algorithms
459213	Genetic_Algorithms
1127851	Rule_Learning
9515	Theory
1120713	Probabilistic_Methods
1131270	Neural_Networks
1153703	Case_Based
145384	Reinforcement_Learning
259702	Genetic_Algorithms
1953	Case_Based
3095	Case_Based
27243	Theory
14545	Neural_Networks
87482	Neural_Networks
38771	Neural_Networks
1127541	Neural_Networks
1125393	Case_Based
14090	Neural_Networks
1154074	Neural_Networks
1135894	Neural_Networks
650807	Genetic_Algorithms
1115701	Probabilistic_Methods
212107	Neural_Networks
108962	Probabilistic_Methods
1120866	Neural_Networks
644361	Probabilistic_Methods
77438	Probabilistic_Methods
59045	Theory
633030	Probabilistic_Methods
1117476	Genetic_Algorithms
58540	Reinforcement_Learning
9716	Theory
1117049	Genetic_Algorithms
626530	Probabilistic_Methods
1114331	Genetic_Algorithms
1114502	Genetic_Algorithms
1113926	Neural_Networks
1107385	Neural_Networks
643199	Genetic_Algorithms
213279	Neural_Networks
6818	Neural_Networks
5055	Neural_Networks
1111052	Neural_Networks
1139009	Neural_Networks
7432	Neural_Networks
1112319	Theory
1120059	Neural_Networks
1132505	Neural_Networks
23546	Neural_Networks
48555	Neural_Networks
335042	Neural_Networks
87417	Case_Based
8875	Genetic_Algorithms
1130568	Neural_Networks
1113459	Reinforcement_Learning
7276	Neural_Networks
37888	Probabilistic_Methods
949318	Neural_Networks
593942	Genetic_Algorithms
131315	Neural_Networks
33823	Neural_Networks
1132434	Neural_Networks
1110628	Probabilistic_Methods
531351	Probabilistic_Methods
1136791	Genetic_Algorithms
628764	Neural_Networks
50354	Neural_Networks
95719	Neural_Networks
578646	Genetic_Algorithms
653628	Neural_Networks
81350	Reinforcement_Learning
1120731	Reinforcement_Learning
1124837	Neural_Networks
13208	Reinforcement_Learning
385251	Theory
39165	Probabilistic_Methods
314459	Neural_Networks
18773	Probabilistic_Methods
12194	Theory
6741	Theory
23738	Theory
1104749	Neural_Networks
1125386	Neural_Networks
28491	Reinforcement_Learning
753264	Neural_Networks
1113742	Genetic_Algorithms
232606	Neural_Networks
68115	Case_Based
1104031	Case_Based
178209	Rule_Learning
1104851	Theory
3222	Probabilistic_Methods
26850	Neural_Networks
110164	Case_Based
28254	Neural_Networks
446271	Probabilistic_Methods
1125467	Probabilistic_Methods
1131421	Neural_Networks
36140	Theory
1152143	Neural_Networks
1106492	Theory
187260	Case_Based
594649	Genetic_Algorithms
1120197	Theory
1110520	Neural_Networks
166989	Theory
1114388	Case_Based
654177	Neural_Networks
95589	Reinforcement_Learning
210871	Neural_Networks
39210	Neural_Networks
1105116	Probabilistic_Methods
630890	Neural_Networks
237521	Neural_Networks
424	Neural_Networks
562067	Probabilistic_Methods
23774	Reinforcement_Learning
1116922	Rule_Learning
155277	Probabilistic_Methods
510718	Probabilistic_Methods
6238	Neural_Networks
1113852	Theory
469504	Neural_Networks
28649	Theory
42848	Genetic_Algorithms
358887	Probabilistic_Methods
65650	Theory
6771	Theory
519353	Probabilistic_Methods
57764	Theory
683404	Probabilistic_Methods
399173	Case_Based
1105877	Neural_Networks
51049	Probabilistic_Methods
308232	Theory
646334	Probabilistic_Methods
45212	Neural_Networks
1118546	Neural_Networks
32872	Probabilistic_Methods
110162	Case_Based
6782	Theory
1153195	Neural_Networks
193352	Neural_Networks
152226	Neural_Networks
1246	Reinforcement_Learning
1132857	Probabilistic_Methods
1121176	Case_Based
1128453	Genetic_Algorithms
634904	Genetic_Algorithms
16471	Neural_Networks
1152436	Case_Based
820662	Neural_Networks
1132864	Neural_Networks
1136342	Genetic_Algorithms
1111265	Neural_Networks
179702	Neural_Networks
105899	Neural_Networks
124064	Reinforcement_Learning
1153866	Theory
604073	Neural_Networks
128	Reinforcement_Learning
107177	Neural_Networks
714975	Neural_Networks
1135750	Probabilistic_Methods
1104300	Probabilistic_Methods
131318	Neural_Networks
409725	Rule_Learning
22566	Case_Based
200630	Neural_Networks
1107319	Theory
6125	Theory
1136446	Neural_Networks
1134031	Neural_Networks
696346	Neural_Networks
1050679	Genetic_Algorithms
400356	Probabilistic_Methods
592973	Genetic_Algorithms
31105	Neural_Networks
102939	Neural_Networks
593560	Neural_Networks
1153933	Neural_Networks
1033	Genetic_Algorithms
219218	Probabilistic_Methods
545647	Theory
40	Genetic_Algorithms
35070	Rule_Learning
168958	Probabilistic_Methods
74698	Probabilistic_Methods
56115	Genetic_Algorithms
1153091	Theory
95225	Theory
1153853	Genetic_Algorithms
3217	Theory
1153275	Probabilistic_Methods
579108	Neural_Networks
1153860	Genetic_Algorithms
711598	Neural_Networks
85324	Neural_Networks
767763	Probabilistic_Methods
13686	Neural_Networks
341188	Reinforcement_Learning
684972	Probabilistic_Methods
1123756	Probabilistic_Methods
95586	Reinforcement_Learning
39474	Genetic_Algorithms
1125992	Case_Based
45533	Neural_Networks
1385	Reinforcement_Learning
1109581	Probabilistic_Methods
430711	Neural_Networks
100197	Neural_Networks
1128997	Neural_Networks
34961	Case_Based
16008	Neural_Networks
686559	Neural_Networks
1106546	Probabilistic_Methods
116512	Genetic_Algorithms
205192	Neural_Networks
52003	Neural_Networks
68505	Theory
243274	Neural_Networks
293285	Neural_Networks
3828	Neural_Networks
253762	Probabilistic_Methods
521269	Case_Based
1154251	Neural_Networks
1116336	Neural_Networks
31043	Neural_Networks
1114992	Neural_Networks
583318	Genetic_Algorithms
252715	Case_Based
1109830	Neural_Networks
1119708	Genetic_Algorithms
1131305	Neural_Networks
6898	Probabilistic_Methods
9708	Neural_Networks
399370	Neural_Networks
739816	Neural_Networks
4553	Rule_Learning
308529	Reinforcement_Learning
171225	Neural_Networks
592975	Genetic_Algorithms
815073	Neural_Networks
20857	Rule_Learning
1128945	Neural_Networks
325314	Neural_Networks
7296	Neural_Networks
1137140	Neural_Networks
1128407	Case_Based
117328	Case_Based
10796	Theory
1122574	Neural_Networks
158098	Probabilistic_Methods
1152714	Neural_Networks
630817	Theory
1117348	Probabilistic_Methods
907845	Neural_Networks
1126044	Neural_Networks
1140548	Neural_Networks
23069	Probabilistic_Methods
102938	Neural_Networks
92065	Neural_Networks
6917	Rule_Learning
212777	Theory
91853	Case_Based
376704	Neural_Networks
24530	Probabilistic_Methods
72406	Theory
1105574	Neural_Networks
1115375	Neural_Networks
1107325	Case_Based
25413	Neural_Networks
1105622	Neural_Networks
41732	Reinforcement_Learning
1113614	Neural_Networks
1129798	Probabilistic_Methods
36162	Neural_Networks
1115959	Neural_Networks
1153148	Theory
27230	Theory
148399	Theory
561611	Probabilistic_Methods
56709	Genetic_Algorithms
24043	Neural_Networks
95718	Neural_Networks
193354	Rule_Learning
628459	Neural_Networks
647408	Genetic_Algorithms
77112	Genetic_Algorithms
1116974	Neural_Networks
649730	Neural_Networks
28026	Case_Based
1131301	Probabilistic_Methods
16485	Neural_Networks
133550	Neural_Networks
219976	Case_Based
46470	Theory
127940	Neural_Networks
440815	Neural_Networks
89308	Case_Based
579008	Genetic_Algorithms
1956	Neural_Networks
367312	Neural_Networks
277263	Theory
20584	Theory
593859	Genetic_Algorithms
1110390	Theory
1110947	Case_Based
2354	Case_Based
1118302	Rule_Learning
1153287	Reinforcement_Learning
117316	Genetic_Algorithms
1119078	Theory
1113551	Case_Based
1129243	Reinforcement_Learning
48764	Genetic_Algorithms
12211	Theory
151430	Theory
1153922	Neural_Networks
389715	Theory
94229	Neural_Networks
466170	Neural_Networks
1117760	Theory
199571	Neural_Networks
1131734	Genetic_Algorithms
10183	Theory
1132406	Neural_Networks
69296	Genetic_Algorithms
1129442	Probabilistic_Methods
262108	Probabilistic_Methods
1131748	Neural_Networks
1919	Probabilistic_Methods
1106671	Neural_Networks
101143	Case_Based
1153150	Rule_Learning
6210	Reinforcement_Learning
940	Case_Based
263069	Genetic_Algorithms
8865	Genetic_Algorithms
1109439	Neural_Networks
1128868	Neural_Networks
74975	Case_Based
633721	Neural_Networks
1116181	Case_Based
1120880	Neural_Networks
162080	Neural_Networks
85449	Neural_Networks
384428	Neural_Networks
47839	Reinforcement_Learning
1153786	Probabilistic_Methods
97645	Genetic_Algorithms
1129610	Neural_Networks
1128977	Genetic_Algorithms
22564	Case_Based
574264	Genetic_Algorithms
173863	Probabilistic_Methods
14431	Neural_Networks
1154076	Neural_Networks
83746	Probabilistic_Methods
1129573	Genetic_Algorithms
60170	Neural_Networks
144679	Case_Based
46079	Neural_Networks
22386	Case_Based
409255	Neural_Networks
15429	Theory
1120019	Neural_Networks
27623	Neural_Networks
1128198	Genetic_Algorithms
35	Genetic_Algorithms
1153106	Neural_Networks
1152508	Genetic_Algorithms
168410	Reinforcement_Learning
646357	Probabilistic_Methods
1154042	Probabilistic_Methods
1105428	Neural_Networks
66596	Neural_Networks
47570	Case_Based
6169	Reinforcement_Learning
34257	Neural_Networks
429781	Theory
160732	Theory
1117089	Reinforcement_Learning
708945	Neural_Networks
561581	Probabilistic_Methods
28447	Reinforcement_Learning
218682	Case_Based
1102625	Theory
39127	Theory
188318	Neural_Networks
1109542	Neural_Networks
686532	Theory
10435	Case_Based
593022	Genetic_Algorithms
6217	Reinforcement_Learning
124952	Probabilistic_Methods
919885	Neural_Networks
390894	Probabilistic_Methods
1105672	Case_Based
24966	Neural_Networks
693143	Theory
155736	Neural_Networks
642894	Probabilistic_Methods
14083	Neural_Networks
1131471	Neural_Networks
779960	Neural_Networks
156794	Probabilistic_Methods
6213	Theory
75693	Reinforcement_Learning
94416	Theory
134199	Genetic_Algorithms
1132922	Neural_Networks
1131549	Genetic_Algorithms
1152150	Neural_Networks
68224	Neural_Networks
644470	Probabilistic_Methods
155738	Theory
733167	Neural_Networks
40135	Neural_Networks
107251	Theory
1131116	Genetic_Algorithms
105865	Neural_Networks
1153899	Genetic_Algorithms
1140040	Neural_Networks
1213	Rule_Learning
3192	Probabilistic_Methods
649731	Neural_Networks
235776	Theory
1120777	Neural_Networks
1109392	Neural_Networks
1102567	Case_Based
632796	Probabilistic_Methods
248395	Neural_Networks
33818	Neural_Networks
156977	Probabilistic_Methods
503877	Genetic_Algorithms
71904	Neural_Networks
42847	Neural_Networks
1128256	Theory
1110768	Neural_Networks
8872	Genetic_Algorithms
6216	Neural_Networks
1128982	Genetic_Algorithms
3187	Probabilistic_Methods
1107674	Genetic_Algorithms
137359	Neural_Networks
158172	Probabilistic_Methods
82664	Case_Based
116087	Rule_Learning
46431	Theory
1106103	Theory
12359	Neural_Networks
